Std_ID,Std_Name,Std_Gender,Std_SSN,Std_Age,Std_Email,Std_City,Std_Street,Std_ZipCode,Std_UniGradeYear,Std_EventStatus,Std_FreelancingStatus,Disease_Name,Std_EmcName,Std_EmcPhoneNo,Int_Name
1,Rahma Mostafa,Female,586709,23,rahmamostafa@gmail.com,Cairo,Al Haram Street,12345,2018,1,1,,Ahmed Hassan,1212345678,Intake43_Round1
2,Amira Ibrahim,Female,123457,27,amira.ibrahim@yahoo.com,Cairo,Corniche Road,23456,2017,1,1,Eczema,Sarah Ali,1113456789,Intake43_Round1
3,Bassem Hassan,Male,508936,28,bassem.hassan@yahoo.com,Alexandria,Sphinx Avenue,34567,2016,1,1,Back pain,Mohamed Khalil,1204593829,Intake43_Round1
4,Dalia Mansour,Female,374925,25,dalia.mansour@yahoo.com,Giza,Karnak Street,45678,2019,0,0,,Fatima Ahmed,1024567890,Intake43_Round1
5,Ehab Said,Male,792156,27,ehab.said@yahoo.com,Luxor,Nile Corniche,56789,2017,0,1,,Amir Mahmoud,1125678901,Intake43_Round1
6,Farah Ali,Female,456231,29,farah.ali@yahoo.com,Cairo,Naama Bay Road,67890,2015,1,1,,Nour Ibrahim,1236789012,Intake43_Round1
7,Gamal Abdelaziz,Male,829413,30,gamal.abdelaziz@yahoo.com,Sharm El Sheikh,Sheraton Street,78901,2014,0,0,,Omar Abdelaziz,1137890123,Intake43_Round1
8,Hala Mahmoud,Female,538219,28,hala.mahmoud@yahoo.com,Hurghada,Saad Zaghloul Street,89012,2016,1,1,,Yasmin Salah,1124839234,Intake43_Round1
9,Ibrahim Salah,Male,417580,25,ibrahim.salah@yahoo.com,Mansoura,Suez Canal Street,90123,2019,1,1,Food poisoning,Tarek Kamal,1038901234,Intake43_Round1
10,Jihan Kamal,Female,961327,25,jihan.kamal@yahoo.com,Port Said,Nile Corniche,11223,2019,1,1,Anxiety disorder,Mariam Youssef,1249012345,Intake43_Round1
11,Kareem Abdelrahman,Male,873456,27,kareem.abdelrahman@yahoo.com,Sohag,Al Gamaa Street,22334,2017,0,1,,Ahmed Hassan,1014357351,Intake43_Round1
12,Laila Ahmed,Female,925183,29,laila.ahmed@yahoo.com,Assiut,El Mahalla Street,33445,2015,1,1,,Sarah Ali,1140123456,Intake43_Round1
13,Magdy Hassan,Male,680492,31,magdy.hassan@yahoo.com,Zagazig,Luxor Street,44556,2013,0,1,,Mohamed Khalil,1237538527,Intake43_Round1
14,Nada Saleh,Female,375861,31,nada.saleh@yahoo.com,Qena,Corniche Road,55667,2013,1,1,Anxiety disorder,Fatima Ahmed,1041234567,Intake43_Round1
15,Omar Mohamed,Male,469285,32,omar.mohamed@yahoo.com,Damietta,Tahrir Street,66778,2012,1,1,,Amir Mahmoud,1252345678,Intake43_Round1
16,Rana El-Masry,Female,791634,27,rana.elmasry@yahoo.com,Minya,Port Fouad Street,77889,2017,0,0,Dental caries,Nour Ibrahim,1153456789,Intake43_Round1
17,Sameh Samir,Male,521947,25,sameh.samir@yahoo.com,Ismailia,Gharbeya Street,88990,2019,0,1,Back pain,Omar Abdelaziz,1054567890,Intake43_Round1
18,Tarek Mansour,Male,308576,26,tarek.mansour@yahoo.com,Tanta,Masr Street,99001,2018,0,1,,Yasmin Salah,1166472753,Intake43_Round1
19,Yasmin Amin,Female,324815,27,yasmin.amin@yahoo.com,Fayoum,Ramses Street,11223,2017,1,0,,Tarek Kamal,1265678901,Intake43_Round1
20,Youssef Sami,Male,789654,29,youssef.sami@yahoo.com,Alexandria,Nasser Street,22334,2015,1,1,Eczema,Mariam Youssef,1166789012,Intake43_Round1
21,Zahra Nabil,Female,935728,26,zahra.nabil@yahoo.com,Beni Suef,Corniche Road,33445,2018,1,1,Anxiety disorder,Ahmed Samir,1067890123,Intake43_Round1
22,Adel Ghanem,Male,367814,27,adel.ghanem@yahoo.com,Suez,6th October Street,44556,2017,0,1,Back pain,Hala Abdelrahman,1278901234,Intake43_Round1
23,Bahia Kamal,Female,740596,31,bahia.kamal@yahoo.com,Banha,Talaat Harb Street,55667,2013,1,0,,Kareem Mansour,1045462746,Intake43_Round1
24,Cyrus Farouk,Male,219384,32,cyrus.farouk@yahoo.com,Shibin El Kom,Saad Zaghloul Street,66778,2012,0,1,Back pain,Nada Rashed,1179012345,Intake43_Round1
25,Dalila Hassan,Female,567013,28,dalila.hassan@yahoo.com,Kafr El Sheikh,Alexandria Street,77889,2016,1,0,,Karim Amin,1070123456,Intake43_Round1
26,Essam Hakim,Male,349527,28,essam.hakim@yahoo.com,Damanhur,Nile Corniche,88990,2016,1,1,Food poisoning,Rania Farouk,1001234567,Intake43_Round1
27,Fatima Aziz,Female,350861,26,fatima.aziz@yahoo.com,Damietta,Saad Zaghloul Street,99001,2018,0,1,Indigestion,Sameh Fathy,1149231153,Intake43_Round1
28,Gamil Naguib,Male,487352,28,gamil.naguib@yahoo.com,Suez,Corniche Road,11223,2016,1,1,,Samar Adel,1212345678,Intake43_Round1
29,Hoda Mahmoud,Female,967243,31,hoda.mahmoud@yahoo.com,Qena,El Gharbeya Street,22334,2013,0,1,Dental caries,Walid Salah,1113456789,Intake43_Round1
30,Ihab Hafez,Male,834590,27,ihab.hafez@yahoo.com,Cairo,Ramses Street,33445,2017,1,1,,Aya Hamdy,1204593829,Intake43_Round1
31,Karima Abdelhamid,Female,492357,25,karima.abdelhamid@yahoo.com,Luxor,Sheraton Street,44556,2019,0,1,,Hassan Mohamed,1024567890,Intake43_Round1
32,Layla Soliman,Female,480625,25,layla.soliman@yahoo.com,Hurghada,Al Horreya Street,55667,2019,1,0,,Mona Gouda,1125678901,Intake43_Round1
33,Magdi Saleh,Male,467532,25,magdi.saleh@yahoo.com,Alexandria,Sphinx Avenue,66778,2019,0,0,,Khaled Ibrahim,1236789012,Intake43_Round1
34,Noura Saad,Female,105783,25,noura.saad@yahoo.com,Giza,Tahrir Square,77889,2019,1,1,Anxiety disorder,Hoda Sayed,1137890123,Intake43_Round1
35,Osman Mohamed,Male,189576,26,osman.mohamed@yahoo.com,Cairo,Saad Zaghloul Street,88990,2018,0,1,Back pain,Sherif Mansour,1124839234,Intake43_Round1
36,Rasha El-Sayed,Female,748935,25,rasha.elsayed@yahoo.com,Mansoura,Suez Canal Street,99001,2019,1,1,,Salma Reda,1038901234,Intake43_Round1
37,Sameera Ali,Female,126870,25,sameera.ali@yahoo.com,Port Said,Nile Corniche,11223,2019,0,1,Indigestion,Youssef Ali,1249012345,Intake43_Round1
38,Tamer Hassan,Male,932458,26,tamer.hassan@yahoo.com,Sohag,Al Gamaa Street,22334,2018,1,1,Anxiety disorder,Reham Adel,1014357351,Intake43_Round1
39,Yara Hassan,Female,654329,26,yara.hassan@yahoo.com,Alexandria,El Mahalla Street,33445,2018,1,1,Eczema,Mahmoud Nasser,1140123456,Intake43_Round1
40,Zainab Mahmoud,Female,203847,27,zainab.mahmoud@yahoo.com,Assiut,Nile Corniche,44556,2017,1,0,,Amira Hussein,1237538527,Intake43_Round1
41,Abdelrahman Abdelaziz,Male,298517,28,abdelrahman.abdelaziz@yahoo.com,Zagazig,Luxor Street,55667,2016,0,1,,Ahmed Ali,1041234567,Intake43_Round2
42,Amina Khalil,Female,406295,25,amina.khalil@yahoo.com,Qena,Karnak Street,66778,2019,1,1,,Sarah Ibrahim,1252345678,Intake43_Round2
43,Basma Hamdi,Female,478236,25,basma.hamdi@yahoo.com,Luxor,Sheraton Street,77889,2019,1,0,,Mohamed Hassan,1153456789,Intake43_Round2
44,Dina Salah,Female,625734,28,dina.salah@yahoo.com,Hurghada,Al Horreya Street,88990,2016,1,0,Anxiety disorder,Fatma Ahmed,1054567890,Intake43_Round2
45,Eman Samir,Female,412569,26,eman.samir@yahoo.com,Alexandria,Sphinx Avenue,99001,2018,1,1,Anxiety disorder,Omar Mahmoud,1166472753,Intake43_Round2
46,Farida Said,Female,425873,26,farida.said@yahoo.com,Giza,Tahrir Square,11223,2018,0,0,,Nour Abdelrahman,1265678901,Intake43_Round2
47,Ghada Ibrahim,Female,349680,29,ghada.ibrahim@yahoo.com,Alexandria,Saad Zaghloul Street,22334,2015,1,1,Indigestion,Aya Khalid,1166789012,Intake43_Round2
48,Hamza Mahmoud,Male,238415,29,hamza.mahmoud@yahoo.com,Mansoura,Suez Canal Street,33445,2015,1,1,,Mahmoud Ibrahim,1067890123,Intake43_Round2
49,Inas Aref,Female,167832,30,inas.aref@yahoo.com,Port Said,Nile Corniche,44556,2014,1,0,Eczema,Yasmin Mohamed,1278901234,Intake43_Round2
50,Jamal Mansour,Male,497623,32,jamal.mansour@yahoo.com,Sohag,Al Gamaa Street,55667,2012,1,1,Anxiety disorder,Ali Ahmed,1045462746,Intake43_Round2
51,Karim Abdelnaby,Male,632548,25,karim.abdelnaby@yahoo.com,Asyut,El Mahalla Street,66778,2019,0,0,Back pain,Samar Mostafa,1179012345,Intake43_Round2
52,Lamia Ahmed,Female,674913,28,lamia.ahmed@yahoo.com,Zagazig,Corniche Road,77889,2016,1,1,,Karim Saad,1070123456,Intake43_Round2
53,Magda Kamal,Female,516287,29,magda.kamal@yahoo.com,Fayoum,Corniche Road,88990,2015,0,1,Indigestion,Nada Tarek,1212345678,Intake43_Round2
54,Nada Salem,Female,764913,25,nada.salem@yahoo.com,Giza,Tahrir Street,99001,2019,0,0,Back pain,Tamer Mahmoud,1113456789,Intake43_Round2
55,Omar Ahmed,Male,123489,25,omar.ahmed@yahoo.com,Minya,Port Fouad Street,11223,2019,1,0,,Rana Samir,1204593829,Intake43_Round2
56,Rania Khalid,Female,907546,25,rania.khalid@yahoo.com,Ismailia,Gharbeya Street,22334,2019,0,1,,Khaled Nabil,1024567890,Intake43_Round2
57,Samira Hassan,Female,234789,26,samira.hassan@yahoo.com,Tanta,Masr Street,33445,2018,0,1,,Salma Khalid,1125678901,Intake43_Round2
58,Tariq Salah,Male,678490,25,tariq.salah@yahoo.com,Fayoum,Nile Corniche,44556,2019,1,1,,Hesham Ibrahim,1236789012,Intake43_Round2
59,Yasmina Kamal,Female,543627,25,yasmina.kamal@yahoo.com,Aswan,Nasser Street,55667,2019,1,1,,Heba Kamal,1137890123,Intake43_Round2
60,Youssef Farag,Male,890416,26,youssef.farag@yahoo.com,Beni Suef,Corniche Road,66778,2018,1,1,,Amr Ali,1124839234,Intake43_Round2
61,Zara Abdelrahman,Female,761490,26,zara.abdelrahman@yahoo.com,Suez,6th October Street,77889,2018,0,1,,Mona Sami,1038901234,Intake43_Round2
62,Ahmed Hassan,Male,325698,27,ahmed.hassan@yahoo.com,Banha,Talaat Harb Street,88990,2017,1,1,,Youssef Hassan,1249012345,Intake43_Round2
63,Aida Nabil,Female,165872,28,aida.nabil@yahoo.com,Shibin El Kom,Saad Zaghloul Street,99001,2016,1,0,,Dina Ahmed,1014357351,Intake43_Round2
64,Bakr Ghanem,Male,798264,25,bakr.ghanem@yahoo.com,Kafr El Sheikh,Alexandria Street,11223,2019,0,1,,Hassan Tarek,1140123456,Intake43_Round2
65,Dalia Sami,Female,285674,25,dalia.sami@yahoo.com,Damanhur,Nile Corniche,22334,2019,1,1,Food poisoning,Reham Mahmoud,1237538527,Intake43_Round2
66,Emad Ibrahim,Male,425967,24,emad.ibrahim@yahoo.com,Damietta,Saad Zaghloul Street,33445,2020,0,0,Back pain,Nada Ahmed,1041234567,Intake43_Round2
67,Faten Khalid,Female,518743,26,faten.khalid@yahoo.com,Sohag,Corniche Road,44556,2018,1,1,,Ahmed Saad,1252345678,Intake43_Round2
68,Gihan Amin,Female,974628,26,gihan.amin@yahoo.com,Qena,El Gharbeya Street,55667,2018,0,1,Anxiety disorder,Mariam Mostafa,1153456789,Intake43_Round2
69,Hassan Samir,Male,438297,29,hassan.samir@yahoo.com,Aswan,Ramses Street,66778,2015,1,1,,Mahmoud Ibrahim,1054567890,Intake43_Round2
70,Iman Nader,Female,120345,29,iman.nader@yahoo.com,Cairo,Sheraton Street,77889,2015,1,1,,Yasmin Mohamed,1166472753,Intake43_Round2
71,Khaled Mahmoud,Male,643780,30,khaled.mahmoud@yahoo.com,Hurghada,Al Horreya Street,88990,2014,1,1,,Ali Ahmed,1265678901,Intake43_Round2
72,Lamis Hafez,Female,791520,32,lamis.hafez@yahoo.com,Alexandria,Sphinx Avenue,99001,2012,1,0,,Samar Khalid,1166789012,Intake43_Round2
73,Maha Kamal,Female,537401,25,maha.kamal@yahoo.com,Giza,Tahrir Square,11223,2019,1,1,Food poisoning,Karim Tarek,1067890123,Intake43_Round2
74,Naglaa Saleh,Female,629431,28,naglaa.saleh@yahoo.com,Cairo,Saad Zaghloul Street,22334,2016,0,1,Anxiety disorder,Salma Mahmoud,1278901234,Intake43_Round2
75,Omar Naguib,Male,873015,29,omar.naguib@yahoo.com,Mansoura,Suez Canal Street,33445,2015,1,1,,Khaled Ahmed,1045462746,Intake43_Round2
76,Radwa Aziz,Female,951487,24,radwa.aziz@yahoo.com,Port Said,Nile Corniche,44556,2020,1,1,,Mona Samir,1179012345,Intake43_Round2
77,Safaa El-Sayed,Female,605892,25,safaa.elsayed@yahoo.com,Sohag,Al Gamaa Street,55667,2019,1,1,,Youssef Hassan,1070123456,Intake43_Round2
78,Tamer Ali,Male,378015,26,tamer.ali@yahoo.com,Cairo,El Mahalla Street,66778,2018,0,0,Indigestion,Dina Ahmed,1166472753,Intake43_Round2
79,Yara Farouk,Female,691732,27,yara.farouk@yahoo.com,Assiut,Nile Corniche,77889,2017,1,0,,Hassan Tarek,1265678901,Intake43_Round2
80,Ziad Hakim,Male,485961,28,ziad.hakim@yahoo.com,Cairo,Tahrir Square,11223,2016,1,1,,Reham Mahmoud,1166789012,Intake43_Round2
81,Ali Zakzouq,Male,999999,29,ali.zakzouq@gmail.com,Cairo,Al Haram Street,12345,2015,1,1,,Amir Abdelrahman,1212345678,Intake43_Round2
82,Haidy Youssef,Female,999998,29,haidy.youssef@gmail.com,Cairo,Corniche Road,23456,2015,1,1,,Rania El-Adly,1113456789,Intake43_Round2
83,Mahmoud Salem,Male,999997,28,mahmoud.salem@gmail.com,Alexandria,Sphinx Avenue,34567,2016,1,1,,Ahmad Saad,1204593829,Intake43_Round2
84,Mawada Saad,Female,999996,27,mawada.saad@gmail.com,Giza,Karnak Street,45678,2017,1,1,,Marwa Hamed,1024567890,Intake43_Round2
85,Islam Dwedar,Male,999995,26,islam.dwedar@gmail.com,Luxor,Nile Corniche,56789,2018,1,1,,Islam Hussein,1125678901,Intake43_Round2
86,Sarah Saber,Female,999994,25,sarah.saber@gmail.com,Cairo,Naama Bay Road,67890,2019,1,1,,Sarah Amin,1236789012,Intake43_Round2
87,Ahmad Abdelkader,Male,999993,25,ahmad.abdelkader@gmail.com,Sharm El Sheikh,Sheraton Street,78901,2019,0,0,,Mahmoud Ibrahim,1137890123,Intake43_Round2
88,Hagar Elgarh,Female,999992,25,hagar elgarh@gmail.com,Hurghada,Saad Zaghloul Street,89012,2019,0,1,,Rana Mahmoud,1124839234,Intake43_Round2
89,Yasmine Ayman,Female,999991,24,yasmine.ayman@gmail.com,Mansoura,Suez Canal Street,90123,2020,1,1,,Ali Kamal,1038901234,Intake43_Round2
90,Hagar Saad,Female,999989,26,hagar.saad@gmail.com,Port Said,Nile Corniche,11223,2018,1,1,,Yasmine Aziz,1249012345,Intake43_Round2
91,Yasir Elmahdy,Male,999988,26,yasir.elmahdy@gmail.com,Sohag,Al Gamaa Street,22334,2018,1,1,,Ahmed Salah,1014357351,Intake43_Round2
92,Gilan Aziz,Female,999987,26,gilan.aziz@gmail.com,Assiut,El Mahalla Street,33445,2018,1,1,,Safaa Mansour,1140123456,Intake43_Round2
93,Ibrahim Eldesouky,Male,999986,29,ibrahim.eldesouky@gmail.com,Zagazig,Luxor Street,44556,2015,0,1,,Yasir Hassan,1237538527,Intake43_Round2
94,Hanan Osama,Female,999985,27,hanan.osama@gmail.com,Qena,Corniche Road,55667,2017,1,1,,Amal Youssef,1041234567,Intake43_Round2
95,Kareem Tag,Male,999984,26,kareem.tag@gmail.com,Damietta,Tahrir Street,66778,2018,1,1,,Hamza Ali,1252345678,Intake43_Round2
96,Rasha Atef,Female,999983,30,rasha.atef@gmail.com,Minya,Port Fouad Street,77889,2014,0,1,Dental caries,Aisha Hafez,1153456789,Intake43_Round2
97,Hadeer El-Adly,Male,999982,31,hadeer.eladly@gmail.com,Ismailia,Gharbeya Street,88990,2013,1,0,,Mustafa Abdelrahman,1054567890,Intake43_Round2
98,Dema Khaled,Female,999981,26,mona.saad@gmail.com,Tanta,Masr Street,99001,2018,1,1,Dental caries,Salwa El-Adly,1166472753,Intake43_Round2
99,Mounir Kamal,Male,999980,28,mounir.kamal@gmail.com,Fayoum,Ramses Street,11223,2016,1,0,,Tamer Saad,1265678901,Intake43_Round2
100,Dalia Mounir,Female,999979,29,dalia.mounir@gmail.com,Alexandria,Nasser Street,22334,2015,1,1,,Hala Hamed,1166789012,Intake43_Round2
101,Khaled Hussein,Male,999978,25,khaled.hussein@gmail.com,Beni Suef,Corniche Road,33445,2019,1,1,Eczema,Hany Hussein,1067890123,Intake44_Round1
102,Samar Khaled,Female,999977,26,samar.khaled@gmail.com,Suez,6th October Street,44556,2018,1,1,Back pain,Nada Amin,1278901234,Intake44_Round1
103,Hassan Mahmoud,Male,999976,26,hassan.mahmoud@gmail.com,Banha,Talaat Harb Street,55667,2018,0,1,,Ibrahim Mahmoud,1045462746,Intake44_Round1
104,Sara Amer,Female,999975,27,sara.amer@gmail.com,Shibin El Kom,Saad Zaghloul Street,66778,2017,1,1,,Hanan Kamal,1179012345,Intake44_Round1
105,Aser Saad,Male,999974,27,aser.saad@gmail.com,Kafr El Sheikh,Alexandria Street,77889,2017,0,1,,Kareem Aziz,1070123456,Intake44_Round1
106,Salma Hossam,Female,999973,28,salma.hossam@gmail.com,Damanhur,Nile Corniche,88990,2016,1,1,,Rasha Salah,1001234567,Intake44_Round1
107,Moazz Aziz,Male,999972,28,moazz.aziz@gmail.com,Damietta,Saad Zaghloul Street,99001,2016,1,1,,Mohamed Mansour,1149231153,Intake44_Round1
108,Aya Elmiligy,Female,999971,29,aya.elmiligy@gmail.com,Suez,Corniche Road,11223,2015,1,1,Food poisoning,Mona Hassan,1212345678,Intake44_Round1
109,Leila Gamal,Female,999970,29,leila.gamal@gmail.com,Qena,El Gharbeya Street,22334,2015,1,1,Anxiety disorder,Mahmoud Youssef,1113456789,Intake44_Round1
110,Youssef Alaa,Male,999969,30,youssef.alaa@gmail.com,Cairo,Ramses Street,33445,2014,1,1,,Dalia Ali,1204593829,Intake44_Round1
111,Hany Amer,Male,999968,30,hany.amer@gmail.com,Luxor,Sheraton Street,44556,2014,1,1,,Yasser Abdelrahman,1024567890,Intake44_Round1
112,Mariam Kassap,Female,999967,25,mariam.kassap@gmail.com,Hurghada,Al Horreya Street,55667,2019,0,1,Dental caries,Samar El-Adly,1125678901,Intake44_Round1
113,Ahmed Azzam,Male,999966,25,ahmed.azzam@gmail.com,Alexandria,Sphinx Avenue,66778,2019,1,1,Anxiety disorder,Karim Saad,1236789012,Intake44_Round1
114,Fatma Araby,Female,999965,25,fatma.araby@gmail.com,Giza,Tahrir Square,77889,2019,0,1,,Sara Hamed,1137890123,Intake44_Round1
115,Tamer Sahloul,Male,999964,24,tamer.sahloul@gmail.com,Cairo,Saad Zaghloul Street,88990,2020,1,0,Dental caries,Ahmed Hussein,1124839234,Intake44_Round1
116,Yara Fares,Female,999963,24,yara.fares@gmail.com,Mansoura,Suez Canal Street,99001,2020,0,1,,Mariam Amin,1038901234,Intake44_Round1
117,Mohamed Mohsen,Male,999962,26,mohamed.mohsen@gmail.com,Port Said,Nile Corniche,11223,2018,1,0,,Hamid Mahmoud,1249012345,Intake44_Round1
118,Esraa Mansour,Female,999961,24,Esraa.mansour@gmail.com,Sohag,Al Gamaa Street,22334,2020,0,1,,Salma Kamal,1014357351,Intake44_Round1
119,Ali Karam,Male,999960,27,ali.karam@gmail.com,Alexandria,El Mahalla Street,33445,2017,1,1,Eczema,Tarek Aziz,1140123456,Intake44_Round1
120,Enjy Youssef,Female,999959,27,enjy.youssef@gmail.com,Assiut,Nile Corniche,44556,2017,0,1,Anxiety disorder,Aya Salah,1237538527,Intake44_Round1
121,Mahmoud Elkady,Male,999958,26,mahmoud.elkady@gmail.com,Zagazig,Luxor Street,55667,2018,1,1,,Abdelrahman El-Adly,1041234567,Intake44_Round2
122,Marwa Fares,Female,999957,25,marwa.fares@gmail.com,Qena,Karnak Street,66778,2019,1,0,,Leila Hassan,1252345678,Intake44_Round2
123,Kamel Hamed,Male,999956,25,kamel.hamed@gmail.com,Luxor,Sheraton Street,77889,2019,1,1,Back pain,Youssef Saad,1153456789,Intake44_Round2
124,Sarah Elzoghby,Female,999955,28,sarah.elzoghby@gmail.com,Hurghada,Al Horreya Street,88990,2016,1,1,,Hany Hamed,1054567890,Intake44_Round2
125,Samy Amin,Male,999954,28,samy.amin@gmail.com,Alexandria,Sphinx Avenue,99001,2016,1,0,Food poisoning,Mariam Hussein,1166472753,Intake44_Round2
126,Rana Nasaar,Female,999953,28,rana.nasaar@gmail.com,Giza,Tahrir Square,11223,2016,1,1,Indigestion,Ahmed Kamal,1265678901,Intake44_Round2
127,Yasmine Hefzy,Female,999952,29,yasmine.hefzy@gmail.com,Alexandria,Saad Zaghloul Street,22334,2015,0,1,,Salwa Amin,1166789012,Intake44_Round2
128,Amal Ayman,Female,999951,24,amal.ayman@gmail.com,Mansoura,Suez Canal Street,33445,2020,1,1,Dental caries,Tamer Mahmoud,1067890123,Intake44_Round2
129,Yasir Ashraf,Male,898940,24,yasir.ashraf@gmail.com,Port Said,Nile Corniche,44556,2020,0,1,,Yara Aziz,1278901234,Intake44_Round2
130,Eman Aziz,Female,899839,24,eman.aziz@gmail.com,Sohag,Al Gamaa Street,55667,2020,1,1,,Mohamed Salah,1045462746,Intake44_Round2
131,Ibrahim Alahmadi,Male,980976,23,ibrahim.alahmadi@gmail.com,Asyut,El Mahalla Street,66778,2021,1,1,,Rania Mansour,1179012345,Intake44_Round2
132,Ekram Mansour,Female,123451,23,Ekram.mansour@gmail.com,Zagazig,Corniche Road,77889,2021,1,1,,Ali Hassan,1070123456,Intake44_Round2
133,Kareem Nofal,Male,12386,24,kareem.nofal@gmail.com,Fayoum,Corniche Road,88990,2020,1,0,Anxiety disorder,Safaa Youssef,1212345678,Intake44_Round2
134,Ehdaa Youssef,Female,23974,23,ehdaa.youssef@gmail.com,Giza,Tahrir Street,99001,2021,0,1,Back pain,Mahmoud El-Adly,1113456789,Intake44_Round2
135,Atef El-Adly,Male,35953,24,atef.eladly@gmail.com,Minya,Port Fouad Street,11223,2020,1,0,,Marwa Saad,1204593829,Intake44_Round2
136,Ebtihal Saad,Female,68744,23,ebtihal.saad@gmail.com,Ismailia,Gharbeya Street,22334,2021,0,1,Indigestion,Islam Hamed,1024567890,Intake44_Round2
137,Mahmoud Refaat,Male,46578,24,mahmoud.refaat@gmail.com,Tanta,Masr Street,33445,2020,1,0,,Sarah Hussein,1125678901,Intake44_Round2
138,Dalia Alaa,Female,47575,23,dalia.alaa@gmail.com,Fayoum,Nile Corniche,44556,2021,0,1,Eczema,Ahmad Amin,1236789012,Intake44_Round2
139,Zayed Hussein,Male,57590,23,zayed.hussein@gmail.com,Aswan,Nasser Street,55667,2021,1,1,,Rana Abdelrahman,1137890123,Intake44_Round2
140,Samar Said,Female,67575,23,samar.said@gmail.com,Beni Suef,Corniche Road,66778,2022,1,1,Food poisoning,Yasmine El-Adly,1124839234,Intake44_Round2
141,Waheed Mahmoud,Male,75484,28,waheed.mahmoud@gmail.com,Suez,6th October Street,77889,2016,1,1,,Amal Saad,1038901234,Intake44_Round2
142,Doaa Kamal,Female,12760,27,Doaa.kamal@gmail.com,Banha,Talaat Harb Street,88990,2017,1,1,,Yasir Mahmoud,1249012345,Intake44_Round2
143,Ahmed Nageh,Male,58306,22,ahmed.nageh@gmail.com,Shibin El Kom,Saad Zaghloul Street,99001,2022,0,1,Anxiety disorder,Aya Aziz,1014357351,Intake44_Round2
144,Salma Aziz,Female,85240,26,salma.aziz@gmail.com,Kafr El Sheikh,Alexandria Street,11223,2018,1,1,Anxiety disorder,Ibrahim Salah,1140123456,Intake44_Round2
145,Tarek Badr,Male,60984,23,tarek.badr@gmail.com,Damanhur,Nile Corniche,22334,2021,0,0,,Hanan Mansour,1237538527,Intake44_Round2
146,Aya Khalil,Female,583699,22,aya.khalil@gmail.com,Damietta,Saad Zaghloul Street,33445,2022,1,1,Indigestion,Kareem Hassan,1041234567,Intake44_Round2
147,Leila Glal,Female,448588,23,leila.Glal@gmail.com,Sohag,Corniche Road,44556,2021,0,1,,Rasha Youssef,1252345678,Intake44_Round2
148,Abdelraof Saad,Male,868455,25,abdelraof.saad@gmail.com,Qena,El Gharbeya Street,55667,2019,0,1,,Mohamed El-Adly,1153456789,Intake44_Round2
149,Hany Basuony,Male,748694,24,hany.basuony@gmail.com,Aswan,Ramses Street,66778,2020,1,0,Anxiety disorder,Mona Saad,1054567890,Intake44_Round2
150,Aya Assem,Female,742232,29,aya.assem@gmail.com,Cairo,Sheraton Street,77889,2015,1,1,Back pain,Mahmoud Kamal,1166472753,Intake44_Round2
151,Mady Kamal,Male,777753,23,mady.kamal@gmail.com,Hurghada,Al Horreya Street,88990,2021,1,0,,Dalia Hamed,1265678901,Intake44_Round2
152,Salwa Awad,Female,666984,30,salwa.awad@gmail.com,Alexandria,Sphinx Avenue,99001,2014,0,1,,Yasser Hussein,1166789012,Intake44_Round2
153,Hossam Wahb,Male,957663,24,hossam.wahb@gmail.com,Giza,Tahrir Square,11223,2020,1,1,,Samar Amin,1067890123,Intake44_Round2
154,Yasmine Islam,Female,334539,25,yasmine.islam@gmail.com,Cairo,Saad Zaghloul Street,22334,2019,1,1,,Karim Mahmoud,1278901234,Intake44_Round2
155,Islam Salah,Male,867346,30,islam.salah@gmail.com,Mansoura,Suez Canal Street,33445,2014,1,1,,Sara Kamal,1045462746,Intake44_Round2
156,Rania Tag,Female,859755,27,rania.tag@gmail.com,Port Said,Nile Corniche,44556,2017,1,0,,Ahmed Saad,1179012345,Intake44_Round2
157,Mostafa Mahmoud,Male,358995,26,mostafa.mahmoud@gmail.com,Sohag,Al Gamaa Street,55667,2018,0,1,,Salma Mahmoud,1070123456,Intake44_Round2
158,Manal Youssef,Female,774852,23,manal.youssef@gmail.com,Cairo,El Mahalla Street,66778,2021,0,1,,Tarek Aziz,1166472753,Intake44_Round2
159,Mahmoud Hossam,Male,943443,28,mahmoud.hossam@gmail.com,Assiut,Nile Corniche,77889,2016,0,1,,Aya Salah,1265678901,Intake44_Round2
160,Ayat Malek,Female,665524,24,ayat.malek@gmail.com,Cairo,Tahrir Square,11223,2020,0,0,,Leila Hassan,1166789012,Intake44_Round2
161,Islam Abdelalem,Male,397465,27,islam.abdelalem@gmail.com,Cairo,Al Haram Street,12345,2017,0,0,,Youssef Saad,1212345678,Intake44_Round3
162,Sarah Yehia,Female,464799,22,sarah.yehia@gmail.com,Cairo,Corniche Road,23456,2022,1,0,,Hany Hamed,1113456789,Intake44_Round3
163,Ahmad Wahb,Male,547694,27,ahmad.wahb@gmail.com,Alexandria,Sphinx Avenue,34567,2017,1,1,,Mariam Hussein,1204593829,Intake44_Round3
164,Aya Abdelrahman,Female,765585,23,Aya.abdelrahman@gmail.com,Giza,Karnak Street,45678,2021,0,1,,Ahmed Kamal,1024567890,Intake44_Round3
165,Yasmine Sayed,Female,756842,25,yasmine.sayed@gmail.com,Luxor,Nile Corniche,56789,2019,1,1,,Salwa Amin,1125678901,Intake44_Round3
166,Amal Magdy,Female,398855,32,amal.magdy@gmail.com,Cairo,Naama Bay Road,67890,2012,0,1,,Tamer Mahmoud,1236789012,Intake44_Round3
167,Yasir Hewade,Male,227597,22,yasir.hewade@gmail.com,Sharm El Sheikh,Sheraton Street,78901,2022,0,0,,Yara Aziz,1137890123,Intake44_Round3
168,Aya Helmy,Female,757353,30,aya.helmy@gmail.com,Hurghada,Saad Zaghloul Street,89012,2014,0,1,Dental caries,Mohamed Salah,1124839234,Intake44_Round3
169,Yousef Salah,Male,333377,26,yousef.salah@gmail.com,Mansoura,Suez Canal Street,90123,2018,0,0,Anxiety disorder,Rania Mansour,1038901234,Intake44_Round3
170,Hanan Harby,Female,364754,31,hanan.harby@gmail.com,Port Said,Nile Corniche,11223,2013,0,1,,Salma Reda,1249012345,Intake44_Round3
171,Farrag Hassan,Male,112988,22,farrag.hassan@gmail.com,Sohag,Al Gamaa Street,22334,2022,1,1,Dental caries,Youssef Ali,1014357351,Intake44_Round3
172,Rasha Esmail,Female,545343,31,rasha.esmail@gmail.com,Assiut,El Mahalla Street,33445,2013,1,1,Back pain,Reham Adel,1140123456,Intake44_Round3
173,Mohamed Elhefnawy,Male,566588,24,mohamed.elhefnawy@gmail.com,Zagazig,Luxor Street,44556,2020,0,1,,Mahmoud Nasser,1237538527,Intake44_Round3
174,Mona El Attar,Female,643749,27,mona.elattar@gmail.com,Qena,Corniche Road,55667,2017,0,1,,Amira Hussein,1041234567,Intake44_Round3
175,Mahmoud Basuony,Male,986533,23,mahmoud.basuony@gmail.com,Damietta,Tahrir Street,66778,2021,1,0,Eczema,Ahmed Ali,1252345678,Intake44_Round3
176,Dalia Atef,Female,334568,32,dalia.atef@gmail.com,Minya,Port Fouad Street,77889,2012,0,0,Anxiety disorder,Sarah Ibrahim,1153456789,Intake44_Round3
177,Yasser Alsayed,Male,746333,24,yasser.alsayed@gmail.com,Ismailia,Gharbeya Street,88990,2020,1,1,Back pain,Mohamed Hassan,1054567890,Intake44_Round3
178,Samar Ali,Female,743785,28,samar.ali@gmail.com,Tanta,Masr Street,99001,2016,0,1,,Fatma Ahmed,1166472753,Intake44_Round3
179,Abdullh Mahmoud,Male,974757,22,abdullh.mahmoud@gmail.com,Fayoum,Ramses Street,11223,2022,1,1,Back pain,Omar Mahmoud,1265678901,Intake44_Round3
180,Sara Soliman,Female,126753,25,sara.soliman@gmail.com,Alexandria,Nasser Street,22334,2019,0,1,,Nour Abdelrahman,1166789012,Intake44_Round3
181,Walid Saad,Male,723598,26,walid.saad@gmail.com,Beni Suef,Corniche Road,33445,2018,1,0,,Aya Khalid,1067890123,Intake44_Round3
182,Salma Walid,Female,546734,23,salma.walid@gmail.com,Suez,6th October Street,44556,2021,0,1,Indigestion,Mahmoud Ibrahim,1278901234,Intake44_Round3
183,Tarek Sawan,Male,458712,24,tarek.sawan@gmail.com,Banha,Talaat Harb Street,55667,2020,1,0,,Yasmin Mohamed,1045462746,Intake44_Round3
184,Aya Hussein,Female,586325,24,aya.hussein@gmail.com,Shibin El Kom,Saad Zaghloul Street,66778,2020,0,1,Dental caries,Ali Ahmed,1179012345,Intake44_Round3
185,Leila Ebrahem,Female,689724,26,leila.ebrahem@gmail.com,Kafr El Sheikh,Alexandria Street,77889,2018,1,0,,Samar Mostafa,1070123456,Intake44_Round3
186,Islam Saad,Male,568557,32,islam.saad@gmail.com,Damanhur,Nile Corniche,88990,2012,0,1,,Karim Saad,1001234567,Intake44_Round3
187,Hany Ali,Male,695747,31,hany.ali@gmail.com,Damietta,Saad Zaghloul Street,99001,2013,1,0,Food poisoning,Nada Tarek,1149231153,Intake44_Round3
188,Mariam Abdelmohsen,Female,395759,28,mariam.abdelmohsen@gmail.com,Suez,Corniche Road,11223,2016,0,1,Back pain,Tamer Mahmoud,1212345678,Intake44_Round3
189,Kamal  Abdelfattah,Male,645699,24,kamal.abdelfattah@gmail.com,Qena,El Gharbeya Street,22334,2020,0,1,,Rana Samir,1113456789,Intake44_Round3
190,Anhar  Amin,Female,187634,27,anhaer.amin@gmail.com,Cairo,Ramses Street,33445,2017,1,0,Anxiety disorder,Khaled Nabil,1204593829,Intake44_Round3
191,Tamer Aboelsafa,Male,290358,22,tamer.aboelsafa@gmail.com,Luxor,Sheraton Street,44556,2022,1,0,Anxiety disorder,Salma Khalid,1024567890,Intake44_Round3
192,Yara Khaled,Female,875392,32,yara.khaled@gmail.com,Hurghada,Al Horreya Street,55667,2012,1,1,,Hesham Ibrahim,1125678901,Intake44_Round3
193,Mohamed Saied,Male,683722,27,mohamed.saied@gmail.com,Alexandria,Sphinx Avenue,66778,2017,0,1,,Heba Kamal,1236789012,Intake44_Round3
194,Rania Mohiey,Female,784611,26,rania.mohiey@gmail.com,Giza,Tahrir Square,77889,2018,0,1,,Amr Ali,1137890123,Intake44_Round3
195,Ali Elsabaa,Male,946210,26,ali.elsabaa@gmail.com,Cairo,Saad Zaghloul Street,88990,2018,1,1,Food poisoning,Mona Sami,1124839234,Intake44_Round3
196,Safaa Mady,Female,228833,22,safaa.mady@gmail.com,Mansoura,Suez Canal Street,99001,2022,1,0,Anxiety disorder,Youssef Hassan,1038901234,Intake44_Round3
197,Mahmoud Hashla,Male,227733,22,mahmoud.hashla@gmail.com,Port Said,Nile Corniche,11223,2022,0,1,Anxiety disorder,Dina Ahmed,1249012345,Intake44_Round3
198,Marwa Abdelaal,Female,229955,22,marwa.abdelaal@gmail.com,Sohag,Al Gamaa Street,22334,2022,1,0,,Hassan Tarek,1014357351,Intake44_Round3
199,Islam Helal,Male,332268,23,islam.helal@gmail.com,Alexandria,El Mahalla Street,33445,2021,0,1,,Reham Mahmoud,1140123456,Intake44_Round3
200,Sarah Abdelkader,Female,234587,30,sarah.abdelkader@gmail.com,Assiut,Nile Corniche,44556,2014,1,1,Indigestion,Nada Ahmed,1237538527,Intake44_Round3
201,Adel Amin,Male,253981,29,adel.amin@gmail.com,Zagazig,Luxor Street,55667,2015,1,1,,Ahmed Saad,1041234567,Intake44_Round3
202,Abeer Abdelrahman,Female,385192,23,abeer.abdelrahman@gmail.com,Qena,Karnak Street,66778,2021,0,1,,Mariam Mostafa,1252345678,Intake44_Round3
203,Rahma Hassan,Female,754918,23,rahmahassan536@gmail.com,Luxor,Sheraton Street,77889,2022,1,1,,Mahmoud Ibrahim,1153456789,Intake44_Round3
204,Mariam Farag,Female,295817,25,fmarmar163@gmail.com,Hurghada,Al Horreya Street,88990,2019,0,1,,Yasmin Mohamed,1054567890,Intake44_Round3
205,Mohamed Farouk,Male,592835,27,mohamed.farouk@gmail.com,Alexandria,Sphinx Avenue,99001,2017,1,0,,Ali Ahmed,1166472753,Intake44_Round3
206,Gemiana Shawky,Female,515892,26,gemiana.shawky@gmail.com,Giza,Tahrir Square,11223,2018,0,1,,Samar Khalid,1265678901,Intake44_Round3
207,Ibrahim Miligy,Male,874196,24,ibrahim.miligy@gmail.com,Alexandria,Saad Zaghloul Street,22334,2020,1,0,,Karim Tarek,1166789012,Intake44_Round3
208,Aya Mahmoud,Female,871952,24,aya.mahmoud@gmail.com,Mansoura,Suez Canal Street,33445,2020,0,1,,Salma Mahmoud,1067890123,Intake44_Round3
209,Ammar Hassan,Male,699831,22,ammar.hassan@gmail.com,Port Said,Nile Corniche,44556,2022,1,0,,Khaled Ahmed,1278901234,Intake44_Round3
210,Rasha Abdullh,Female,526982,22,rasha.abdullh@gmail.com,Sohag,Al Gamaa Street,55667,2022,0,1,,Mona Samir,1045462746,Intake44_Round3
211,Mohamed Tag,Male,561991,26,mohamed.tag@gmail.com,Asyut,El Mahalla Street,66778,2018,1,1,,Youssef Hassan,1179012345,Intake44_Round3
212,Afnan Selem,Female,620781,25,afnan.selem@gmail.com,Zagazig,Corniche Road,77889,2019,0,0,,Dina Ahmed,1070123456,Intake44_Round3
213,Ahmed Hewade,Male,697666,24,ahmed.hewade@gmail.com,Fayoum,Corniche Road,88990,2020,1,1,,Hassan Tarek,1212345678,Intake44_Round3
214,Aghadeer  Ahmed,Female,666521,24,aghadeer.ahmed@gmail.com,Giza,Tahrir Street,99001,2020,1,1,,Reham Mahmoud,1113456789,Intake44_Round3
215,Ahmed Fares,Male,668256,23,ahmed.fares@gmail.com,Minya,Port Fouad Street,11223,2021,1,0,,Amir Abdelrahman,1204593829,Intake44_Round3
216,Samar Abdelnaser,Female,868772,23,samar.abdelnaser@gmail.com,Ismailia,Gharbeya Street,22334,2021,1,0,,Rania El-Adly,1024567890,Intake44_Round3
217,Karim Amr,Male,817875,32,karim.amr@gmail.com,Tanta,Masr Street,33445,2012,0,1,,Ahmad Saad,1125678901,Intake44_Round3
218,ReemFarouk,Female,784179,22,reem.farouk@gmail.com,Fayoum,Nile Corniche,44556,2022,0,1,,Marwa Hamed,1236789012,Intake44_Round3
219,Ahmed Gamal,Male,872988,23,ahmed.gamal@gmail.com,Aswan,Nasser Street,55667,2021,1,1,,Islam Hussein,1137890123,Intake44_Round3
220,Alaa Gamal,Female,989912,24,alaagelmelegy415@gmail.com,Cairo,Street 9,66778,2020,1,1,,Manal Tag,1124839234,Intake44_Round3
